[
    {
        "datetime": "2024-07-16T17:10:23.915299",
        "server": "https://zetvideo.net/nginx_status",
        "rps": 0
    },
    {
        "datetime": "2024-07-16T18:15:25.265282",
        "server": "https://zetvideo.net/nginx_status",
        "rps": 12225260
    },
    {
        "datetime": "2024-07-16T18:15:33.442116",
        "server": "https://zetvideo.net/nginx_status",
        "rps": 1659
    },
    {
        "datetime": "2024-07-16T18:15:41.581239",
        "server": "https://zetvideo.net/nginx_status",
        "rps": 1491
    },
    {
        "datetime": "2024-07-16T18:15:49.689489",
        "server": "https://zetvideo.net/nginx_status",
        "rps": 34740
    },
    {
        "datetime": "2024-07-16T18:15:57.862864",
        "server": "https://zetvideo.net/nginx_status",
        "rps": 132827
    },
    {
        "datetime": "2024-07-16T18:16:06.004319",
        "server": "https://zetvideo.net/nginx_status",
        "rps": 226128
    },
    {
        "datetime": "2024-07-16T18:16:14.757910",
        "server": "https://zetvideo.net/nginx_status",
        "rps": 255507
    },
    {
        "datetime": "2024-07-16T18:16:22.882169",
        "server": "https://zetvideo.net/nginx_status",
        "rps": 337307
    },
    {
        "datetime": "2024-07-16T18:16:32.207881",
        "server": "https://zetvideo.net/nginx_status",
        "rps": 295172
    },
    {
        "datetime": "2024-07-16T18:16:40.908223",
        "server": "https://zetvideo.net/nginx_status",
        "rps": 343544
    },
    {
        "datetime": "2024-07-16T18:16:49.661870",
        "server": "https://zetvideo.net/nginx_status",
        "rps": 297909
    },
    {
        "datetime": "2024-07-16T18:16:58.379601",
        "server": "https://zetvideo.net/nginx_status",
        "rps": 309232
    },
    {
        "datetime": "2024-07-16T18:17:26.371916",
        "server": "https://zetvideo.net/nginx_status",
        "rps": 292482
    },
    {
        "datetime": "2024-07-16T18:17:35.593913",
        "server": "https://zetvideo.net/nginx_status",
        "rps": 732326
    }
]