[
    {
        "datetime": "2024-07-16T18:28:01.402109",
        "server": "https://natnetwork.sbs/nginx_status",
        "rps": 0
    },
    {
        "datetime": "2024-07-16T18:28:09.612191",
        "server": "https://natnetwork.sbs/nginx_status",
        "rps": 1
    },
    {
        "datetime": "2024-07-16T18:28:17.712634",
        "server": "https://natnetwork.sbs/nginx_status",
        "rps": 5
    },
    {
        "datetime": "2024-07-16T18:28:25.961426",
        "server": "https://natnetwork.sbs/nginx_status",
        "rps": 1
    },
    {
        "datetime": "2024-07-16T18:28:34.202757",
        "server": "https://natnetwork.sbs/nginx_status",
        "rps": 1
    },
    {
        "datetime": "2024-07-16T18:28:42.443116",
        "server": "https://natnetwork.sbs/nginx_status",
        "rps": 1
    },
    {
        "datetime": "2024-07-16T18:28:50.701909",
        "server": "https://natnetwork.sbs/nginx_status",
        "rps": 1
    },
    {
        "datetime": "2024-07-16T18:28:58.863920",
        "server": "https://natnetwork.sbs/nginx_status",
        "rps": 1
    },
    {
        "datetime": "2024-07-16T18:29:07.127344",
        "server": "https://natnetwork.sbs/nginx_status",
        "rps": 1
    },
    {
        "datetime": "2024-07-16T18:29:15.333613",
        "server": "https://natnetwork.sbs/nginx_status",
        "rps": 6
    },
    {
        "datetime": "2024-07-16T18:29:23.698013",
        "server": "https://natnetwork.sbs/nginx_status",
        "rps": 1
    },
    {
        "datetime": "2024-07-16T18:29:31.919214",
        "server": "https://natnetwork.sbs/nginx_status",
        "rps": 1
    },
    {
        "datetime": "2024-07-16T18:29:40.191714",
        "server": "https://natnetwork.sbs/nginx_status",
        "rps": 1
    },
    {
        "datetime": "2024-07-16T18:29:48.375734",
        "server": "https://natnetwork.sbs/nginx_status",
        "rps": 1
    },
    {
        "datetime": "2024-07-16T18:40:34.611510",
        "server": "https://natnetwork.sbs/nginx_status",
        "rps": 60
    },
    {
        "datetime": "2024-07-16T18:40:42.108431",
        "server": "https://natnetwork.sbs/nginx_status",
        "rps": 1
    },
    {
        "datetime": "2024-07-16T18:40:49.913096",
        "server": "https://natnetwork.sbs/nginx_status",
        "rps": 1
    },
    {
        "datetime": "2024-07-16T18:40:57.603388",
        "server": "https://natnetwork.sbs/nginx_status",
        "rps": 1
    },
    {
        "datetime": "2024-07-16T18:41:05.548731",
        "server": "https://natnetwork.sbs/nginx_status",
        "rps": 6871
    },
    {
        "datetime": "2024-07-16T18:41:14.818756",
        "server": "https://natnetwork.sbs/nginx_status",
        "rps": 29739
    },
    {
        "datetime": "2024-07-16T18:41:23.764961",
        "server": "https://natnetwork.sbs/nginx_status",
        "rps": 29971
    },
    {
        "datetime": "2024-07-16T18:41:32.291485",
        "server": "https://natnetwork.sbs/nginx_status",
        "rps": 14291
    },
    {
        "datetime": "2024-07-16T18:41:40.545020",
        "server": "https://natnetwork.sbs/nginx_status",
        "rps": 199
    },
    {
        "datetime": "2024-07-16T18:41:48.344656",
        "server": "https://natnetwork.sbs/nginx_status",
        "rps": 16
    },
    {
        "datetime": "2024-07-16T18:41:56.026621",
        "server": "https://natnetwork.sbs/nginx_status",
        "rps": 1
    },
    {
        "datetime": "2024-07-16T18:42:04.429535",
        "server": "https://natnetwork.sbs/nginx_status",
        "rps": 1
    },
    {
        "datetime": "2024-07-16T18:42:12.722743",
        "server": "https://natnetwork.sbs/nginx_status",
        "rps": 5
    },
    {
        "datetime": "2024-07-16T18:42:21.043327",
        "server": "https://natnetwork.sbs/nginx_status",
        "rps": 2
    }
]