[
    {
        "datetime": "2024-07-16T18:10:56.894668",
        "server": "https://natnetwork.sbs/nginx_status",
        "rps": 0
    },
    {
        "datetime": "2024-07-16T18:11:02.985648",
        "server": "https://natnetwork.sbs/nginx_status",
        "rps": 2
    },
    {
        "datetime": "2024-07-16T18:11:08.501478",
        "server": "https://natnetwork.sbs/nginx_status",
        "rps": 5
    },
    {
        "datetime": "2024-07-16T18:11:13.983902",
        "server": "https://natnetwork.sbs/nginx_status",
        "rps": 4
    },
    {
        "datetime": "2024-07-16T18:11:19.458215",
        "server": "https://natnetwork.sbs/nginx_status",
        "rps": 2
    },
    {
        "datetime": "2024-07-16T18:11:25.003144",
        "server": "https://natnetwork.sbs/nginx_status",
        "rps": 2
    },
    {
        "datetime": "2024-07-16T18:11:30.429823",
        "server": "https://natnetwork.sbs/nginx_status",
        "rps": 2
    },
    {
        "datetime": "2024-07-16T18:11:35.823433",
        "server": "https://natnetwork.sbs/nginx_status",
        "rps": 2
    },
    {
        "datetime": "2024-07-16T18:11:41.315190",
        "server": "https://natnetwork.sbs/nginx_status",
        "rps": 2
    },
    {
        "datetime": "2024-07-16T18:11:47.090725",
        "server": "https://natnetwork.sbs/nginx_status",
        "rps": 2
    },
    {
        "datetime": "2024-07-16T18:11:52.527814",
        "server": "https://natnetwork.sbs/nginx_status",
        "rps": 1
    },
    {
        "datetime": "2024-07-16T18:11:58.265861",
        "server": "https://natnetwork.sbs/nginx_status",
        "rps": 1
    },
    {
        "datetime": "2024-07-16T18:12:03.751237",
        "server": "https://natnetwork.sbs/nginx_status",
        "rps": 1
    },
    {
        "datetime": "2024-07-16T18:12:09.169894",
        "server": "https://natnetwork.sbs/nginx_status",
        "rps": 4
    }
]