{
    "nminhniee[\u00a5]\ud835\udc27\ud835\udc26\ud835\udc22\ud835\udc27\ud835\udc21": {
        "DDoS-Guard": {
            "max": 6272214950,
            "total": 6313413209
        },
        "Cloudflare": {
            "max": 857507,
            "total": 5308173
        },
        "Nat": {
            "max": 17,
            "total": 107
        },
        "CF-BUSINESS": {
            "max": 41,
            "total": 220
        }
    },
    "nguyenxuantrinhdz[\u00a5]Tr\u1ecbnh": {
        "DDoS-Guard": {
            "max": 3505,
            "total": 12332
        }
    },
    "tuilatronq[\u00a5]Nitrix \ud83c\uddfb\ud83c\uddf3": {
        "NonProtect": {
            "max": 1443,
            "total": 4460
        }
    },
    "tzk_05[\u00a5]Tzk \ud83d\udee1\ufe0f": {
        "DDoS-Guard": {
            "max": 4940291,
            "total": 17519848
        },
        "Minh-Firewall": {
            "max": 509653,
            "total": -102951416768
        }
    },
    "bonecon[\u00a5]nat": {
        "Cloudflare-Captcha": {
            "max": 4,
            "total": 35
        }
    },
    "SuzuneSoKawaiii[\u00a5]Horikita Suzune [https://t.me/horikitaddos]": {
        "DDoS-Guard": {
            "max": 1482989,
            "total": 25171354
        }
    },
    "thanhdieudeptrai[\u00a5]T": {
        "Cloudflare-Nosec": {
            "max": 0,
            "total": 0
        },
        "Cloudflare": {
            "max": 0,
            "total": 0
        },
        "Nat": {
            "max": 29971,
            "total": 81181
        }
    },
    "thanhdieudeptrai[\u00c2\u00a5]T": {
        "DDoS-Guard": {
            "max": 708226,
            "total": 2495519
        },
        "Nat": {
            "max": 81,
            "total": 147
        },
        "NonProtect": {
            "max": 505,
            "total": 4694
        }
    },
    "africanzulu[\u00c2\u00a5]Zulu | t.me/africanetwork": {
        "NonProtect": {
            "max": 9813,
            "total": 54488
        },
        "DDoS-Guard": {
            "max": 2733589,
            "total": 17328860
        }
    },
    "VNSXaa1[\u00c2\u00a5]HIHI \ud83d\udee1\ufe0f": {
        "DDoS-Guard": {
            "max": 2032,
            "total": 19378
        },
        "Nat": {
            "max": 1037,
            "total": 1056
        }
    },
    "Nakpaidban[\u00c2\u00a5]P\ud807\udcad\ud807\udcad\ud807\udcad\ud807\udcad\ud807\udcad\ud807\udcad\ud807\udcad\ud807\udcad\ud807\udcad\ud807\udcad\ud807\udcad\ud807\udcad\ud807\udcad\ud807\udcad\ud807\udcad\ud807\udcad\ud807\udcad\ud807\udcad\ud807\udcad\ud807\udcad\ud807\udcad\ud807\udcad\ud807\udcad\ud807\udcad\ud807\udcad\ud807\udcad\ud807\udcad\ud807\udcad\ud807\udcad\ud807\udcad\ud807\udcad\ud807\udcad\ud807\udcad\ud807\udcad\ud807\udcad\ud807\udcad\ud807\udcad\ud807\udcad\ud807\udcad\ud807\udcad\ud807\udcad\ud807\udcad\ud807\udcad\ud807\udcad\ud807\udcad\ud807\udcad\ud807\udcad\ud807\udcad\ud807\udcad\ud807\udcad\ud807\udcad\ud807\udcad\ud807\udcad\ud807\udcad\ud807\udcad\ud807\udcad\ud807\udcad\ud807\udcad\ud807\udcad\ud807\udcad\ud807\udcad\ud807\udcad\ud807\udcad \ua9be\ud807\udcad\ud807\udcad\ud807\udcad\ud807\udcad\ud807\udcad\ud807\udcad\ud807\udcad\ud807\udcad\ud807\udcad\ud807\udcad\ud807\udcad\ud807\udcad\ud807\udcad\ud807\udcad\ud807\udcad\ud807\udcad\ud807\udcad\ud807\udcad\ud807\udcad\ud807\udcad\ud807\udcad\ud807\udcad\ud807\udcad\ud807\udcad\ud807\udcad\ua9be\ud807\udcad\ud807\udcad\ud807\udcad\ud807\udcad\ud807\udcad\ud807\udcad\ud807\udcad\ud807\udcad\ud807\udcad\ud807\udcad\ud807\udcad\ud807\udcad\ud807\udcad\ud807\udcad\ud807\udcad\ud807\udcad\ud807\udcad\ud807\udcad\ud807\udcad\ud807\udcad\ud807\udcad\ud807\udcad\ud807\udcad\ud807\udcad\ud807\udcad\ua9be\ud807\udcad\ud807\udcad\ud807\udcad\ud807\udcad\ud807\udcad\ud807\udcad\ud807\udcad\ud807\udcad\ud807\udcad\ud807\udcad\ud807\udcad": {
        "NonProtect": {
            "max": 1232,
            "total": 10117
        }
    },
    "Sp_NeonMod[\u00c2\u00a5]HiuNgo": {
        "Nat": {
            "max": 40012,
            "total": 198228
        }
    },
    "nminhniee[\u00c2\u00a5]\ud835\udc27\ud835\udc26\ud835\udc22\ud835\udc27\ud835\udc21": {
        "Nat": {
            "max": 56,
            "total": 226
        }
    },
    "nminhniee[\u00c3\u0082\u00c2\u00a5]\ud835\udc27\ud835\udc26\ud835\udc22\ud835\udc27\ud835\udc21": {
        "CF-BUSINESS": {
            "max": 66227,
            "total": 86359
        }
    },
    "dstateuisowner[]Atake Hi": {
        "CF-BUSINESS": {
            "max": 401,
            "total": 856
        }
    },
    "nminhniee[]\ud835\udc27\ud835\udc26\ud835\udc22\ud835\udc27\ud835\udc21": {
        "CF-BUSINESS": {
            "max": 144386,
            "total": 357893
        }
    },
    "sanchikoback[]SanchikoFake": {
        "NonProtect": {
            "max": 21669,
            "total": 80824
        },
        "Nat": {
            "max": 20233,
            "total": 22053
        }
    },
    "sanchikoback[\u00a5]SanchikoFake": {
        "Nat": {
            "max": 5,
            "total": 30
        }
    },
    "nguyenxuantrinhdz[\u00a5]Tr\u1ecbnh \ud83c\uddfb\ud83c\uddf3 [t.me/CalceNetwork]": {
        "DDoS-Guard": {
            "max": 12225260,
            "total": 15485584
        }
    }
}